City_ID,City,Country,Lat,Lng,Max Temp,Humidity,Cloudiness,Wind Speed,Weather Description,Date
0,Barrow,US,71.2906,-156.7887,24.82,80,1,14.97,clear sky,2021-11-01 01:27:36
1,Ushuaia,AR,-54.8,-68.3,46.06,76,0,9.22,clear sky,2021-11-01 01:23:47
2,Busselton,AU,-33.65,115.3333,56.08,62,94,18.41,overcast clouds,2021-11-01 01:25:32
3,Puerto Ayora,EC,-0.7393,-90.3518,69.6,90,44,7.31,scattered clouds,2021-11-01 01:27:36
4,Mataura,NZ,-46.1927,168.8643,61.63,49,100,10.96,overcast clouds,2021-11-01 01:27:36
5,Katherine,AU,-14.4667,132.2667,89.92,37,0,6.91,clear sky,2021-11-01 01:27:37
6,Jamestown,US,42.097,-79.2353,50.72,86,90,7.0,overcast clouds,2021-11-01 01:22:50
7,Richards Bay,ZA,-28.783,32.0377,63.45,91,100,5.91,overcast clouds,2021-11-01 01:27:37
8,Kathu,TH,7.9178,98.3332,81.7,99,38,8.14,scattered clouds,2021-11-01 01:27:37
9,Cape Town,ZA,-33.9258,18.4232,63.09,77,75,3.0,light rain,2021-11-01 01:24:48
10,Traverse City,US,44.7631,-85.6206,46.99,66,90,16.11,overcast clouds,2021-11-01 01:23:07
11,Port Hedland,AU,-20.3167,118.5667,80.65,57,40,10.36,scattered clouds,2021-11-01 01:27:38
12,Punta Arenas,CL,-53.15,-70.9167,50.11,53,0,8.05,clear sky,2021-11-01 01:27:38
13,Maragogi,BR,-9.0122,-35.2225,76.96,82,34,8.34,scattered clouds,2021-11-01 01:27:39
14,Albany,US,42.6001,-73.9662,55.74,78,100,1.99,overcast clouds,2021-11-01 01:27:22
15,Requena,ES,39.4883,-1.1004,68.52,83,100,27.02,overcast clouds,2021-11-01 01:27:39
16,Mahebourg,MU,-20.4081,57.7,70.25,88,40,3.44,scattered clouds,2021-11-01 01:27:39
17,Poum,NC,-20.2333,164.0167,75.69,70,0,18.39,clear sky,2021-11-01 01:23:41
18,Bredasdorp,ZA,-34.5322,20.0403,61.29,73,100,10.49,overcast clouds,2021-11-01 01:27:40
19,Georgetown,MY,5.4112,100.3354,81.9,87,20,4.61,few clouds,2021-11-01 01:25:41
20,Cockburn Town,TC,21.4612,-71.1419,82.06,69,100,7.7,overcast clouds,2021-11-01 01:27:40
21,Longyearbyen,SJ,78.2186,15.6401,33.64,69,40,20.71,scattered clouds,2021-11-01 01:27:40
22,Saskylakh,RU,71.9167,114.0833,4.59,97,99,6.82,overcast clouds,2021-11-01 01:27:41
23,Plettenberg Bay,ZA,-34.0527,23.3716,61.74,88,57,12.71,broken clouds,2021-11-01 01:27:41
24,Nikolskoye,RU,59.7035,30.7861,47.39,88,98,6.8,overcast clouds,2021-11-01 01:27:41
25,Rikitea,PF,-23.1203,-134.9692,73.08,78,100,17.69,overcast clouds,2021-11-01 01:27:42
26,Meulaboh,ID,4.1363,96.1285,77.38,84,100,3.31,light rain,2021-11-01 01:27:42
27,Shush,IR,32.1942,48.2436,78.75,27,100,3.89,overcast clouds,2021-11-01 01:27:42
28,Sola,VU,-13.8833,167.55,80.87,74,16,14.25,few clouds,2021-11-01 01:27:43
29,Souillac,MU,-20.5167,57.5167,70.36,88,40,3.44,scattered clouds,2021-11-01 01:27:43
30,Ormara,PK,25.2088,64.6357,79.38,33,1,14.25,clear sky,2021-11-01 01:27:43
31,Pevek,RU,69.7008,170.3133,1.81,94,100,6.2,light snow,2021-11-01 01:27:44
32,Butaritari,KI,3.0707,172.7902,81.81,76,1,11.54,light rain,2021-11-01 01:27:44
33,San Andres,CO,12.5847,-81.7006,80.62,89,75,9.22,broken clouds,2021-11-01 01:25:17
34,Narsaq,GL,60.9167,-46.05,25.02,65,27,7.31,scattered clouds,2021-11-01 01:27:44
35,Lasa,IT,46.6166,10.7002,50.74,98,100,3.83,overcast clouds,2021-11-01 01:27:45
36,Acapulco,MX,16.8634,-99.8901,79.48,81,100,1.3,overcast clouds,2021-11-01 01:25:45
37,Iqaluit,CA,63.7506,-68.5145,29.93,86,75,8.99,broken clouds,2021-11-01 01:27:45
38,Isangel,VU,-19.55,169.2667,82.51,61,75,9.22,broken clouds,2021-11-01 01:27:45
39,Tuatapere,NZ,-46.1333,167.6833,55.31,70,97,10.65,overcast clouds,2021-11-01 01:27:46
40,Vaini,TO,-21.2,-175.2,80.76,83,40,11.5,scattered clouds,2021-11-01 01:27:46
41,Wanlaweyn,SO,2.6185,44.8938,76.46,80,4,8.03,clear sky,2021-11-01 01:27:46
42,Cabatuan,PH,10.8794,122.486,81.93,78,96,14.18,overcast clouds,2021-11-01 01:27:47
43,Nanortalik,GL,60.1432,-45.2371,33.85,68,92,9.78,overcast clouds,2021-11-01 01:27:47
44,Qaanaaq,GL,77.484,-69.3632,16.7,71,100,8.72,overcast clouds,2021-11-01 01:26:52
45,Thompson,CA,55.7435,-97.8558,30.36,80,75,10.36,light shower snow,2021-11-01 01:26:35
46,Yellowknife,CA,62.456,-114.3525,32.56,99,90,14.97,overcast clouds,2021-11-01 01:25:30
47,Kavieng,PG,-2.5744,150.7967,85.95,63,46,14.9,scattered clouds,2021-11-01 01:28:48
48,Tasiilaq,GL,65.6145,-37.6368,23.16,58,9,8.23,clear sky,2021-11-01 01:28:48
49,Pisco,PE,-13.7,-76.2167,63.01,82,0,16.11,clear sky,2021-11-01 01:24:52
50,Ponta Do Sol,PT,32.6667,-17.1,72.23,76,60,3.13,broken clouds,2021-11-01 01:28:48
51,Doctor Juan Manuel Frutos,PY,-25.3667,-55.8,69.64,85,14,2.98,few clouds,2021-11-01 01:28:48
52,Sarankhola,BD,22.3082,89.7897,68.65,77,15,4.63,few clouds,2021-11-01 01:28:49
53,Saint George,US,37.1041,-113.5841,72.63,36,1,3.44,clear sky,2021-11-01 01:25:43
54,Aniva,RU,46.7144,142.5294,39.31,65,23,5.99,few clouds,2021-11-01 01:28:49
55,Anta,IN,25.15,76.3,65.23,49,0,5.68,clear sky,2021-11-01 01:28:49
56,Fairlie,GB,55.756,-4.8556,47.01,89,100,5.06,overcast clouds,2021-11-01 01:28:50
57,Castro,BR,-24.7911,-50.0119,58.69,98,97,6.85,overcast clouds,2021-11-01 01:28:50
58,Bluff,NZ,-46.6,168.3333,54.3,75,100,29.24,overcast clouds,2021-11-01 01:28:50
59,Palimbang,PH,6.2106,124.1894,85.57,67,31,3.04,scattered clouds,2021-11-01 01:28:51
60,Cabra,ES,37.4725,-4.4421,67.39,88,100,12.12,overcast clouds,2021-11-01 01:28:51
61,Chuy,UY,-33.6971,-53.4616,63.7,97,95,8.01,light rain,2021-11-01 01:28:51
62,Hermanus,ZA,-34.4187,19.2345,61.81,81,100,10.8,overcast clouds,2021-11-01 01:28:52
63,Khatanga,RU,71.9667,102.5,5.4,96,100,11.9,light snow,2021-11-01 01:28:52
64,Huarmey,PE,-10.0681,-78.1522,65.16,81,8,8.1,clear sky,2021-11-01 01:28:52
65,Sal Rei,CV,16.1833,-22.9167,79.36,79,100,17.16,overcast clouds,2021-11-01 01:28:53
66,Selm,DE,51.7,7.4667,51.67,92,100,11.43,overcast clouds,2021-11-01 01:28:53
67,Havelock,US,34.8791,-76.9013,64.35,90,1,4.61,clear sky,2021-11-01 01:28:53
68,Bonavista,CA,48.6499,-53.1147,46.11,91,98,13.8,overcast clouds,2021-11-01 01:28:54
69,Mount Darwin,ZW,-16.7725,31.5838,71.28,50,50,6.46,scattered clouds,2021-11-01 01:28:54
70,Luwuk,ID,-0.9516,122.7875,85.32,69,24,2.51,few clouds,2021-11-01 01:28:54
71,Izumo,JP,35.3667,132.7667,64.29,77,40,1.14,scattered clouds,2021-11-01 01:28:55
72,Atar,MR,20.5169,-13.0499,80.6,20,0,5.17,clear sky,2021-11-01 01:28:55
73,Cabo San Lucas,MX,22.8909,-109.9124,81.7,77,75,5.01,broken clouds,2021-11-01 01:28:55
74,New Norfolk,AU,-42.7826,147.0587,65.66,49,100,5.01,overcast clouds,2021-11-01 01:28:56
75,Shingu,JP,33.7333,135.9833,70.79,64,47,3.91,scattered clouds,2021-11-01 01:25:11
76,Rapid Valley,US,44.0625,-103.1463,37.45,60,90,3.44,overcast clouds,2021-11-01 01:28:56
77,Hilo,US,19.7297,-155.09,80.33,78,40,9.22,scattered clouds,2021-11-01 01:28:56
78,Bathsheba,BB,13.2167,-59.5167,75.81,88,75,17.27,broken clouds,2021-11-01 01:28:57
79,Kargasok,RU,59.0556,80.8572,11.32,88,99,8.46,overcast clouds,2021-11-01 01:28:57
80,Torbay,CA,47.6666,-52.7314,45.57,93,75,17.27,broken clouds,2021-11-01 01:28:57
81,Tiksi,RU,71.6872,128.8694,11.88,83,100,11.36,overcast clouds,2021-11-01 01:28:57
82,Ancud,CL,-41.8697,-73.8203,58.53,82,0,7.78,clear sky,2021-11-01 01:28:58
83,Dongsheng,CN,39.8161,109.9776,37.47,40,0,6.15,clear sky,2021-11-01 01:28:58
84,Flong,DK,55.6621,12.187,56.89,84,75,12.66,broken clouds,2021-11-01 01:28:58
85,Te Anau,NZ,-45.4167,167.7167,54.48,69,100,7.74,overcast clouds,2021-11-01 01:28:59
86,Zhangye,CN,38.9342,100.4517,44.51,36,96,1.03,overcast clouds,2021-11-01 01:28:59
87,Port Alfred,ZA,-33.5906,26.891,66.06,81,100,15.08,overcast clouds,2021-11-01 01:25:38
88,Morgan City,US,29.6994,-91.2068,64.0,73,0,1.52,clear sky,2021-11-01 01:28:59
89,Coihaique,CL,-45.5752,-72.0662,53.55,54,0,0.0,clear sky,2021-11-01 01:25:59
90,San Patricio,US,28.017,-97.5169,77.09,58,0,9.28,clear sky,2021-11-01 01:29:00
91,Saldanha,ZA,-33.0117,17.9442,62.65,76,100,11.32,light rain,2021-11-01 01:29:00
92,Ibra,OM,22.6906,58.5334,75.4,23,0,7.16,clear sky,2021-11-01 01:30:00
93,Lebu,CL,-37.6167,-73.65,50.4,94,50,5.41,scattered clouds,2021-11-01 01:30:01
94,Broome,US,42.2506,-75.833,52.92,78,40,3.0,scattered clouds,2021-11-01 01:30:02
95,Esperance,AU,-33.8667,121.9,67.84,55,100,16.64,overcast clouds,2021-11-01 01:30:02
96,Padang,ID,-0.9492,100.3543,80.65,84,100,2.57,overcast clouds,2021-11-01 01:30:03
97,Port Elizabeth,ZA,-33.918,25.5701,64.09,100,75,17.27,mist,2021-11-01 01:25:05
98,Hithadhoo,MV,-0.6,73.0833,81.64,77,99,19.77,overcast clouds,2021-11-01 01:30:04
99,Fairbanks,US,64.8378,-147.7164,44.94,49,20,6.91,few clouds,2021-11-01 01:28:48
100,Crixas,BR,-14.5489,-49.9692,73.63,80,31,4.9,scattered clouds,2021-11-01 01:30:05
101,Ammon,US,43.4696,-111.9666,51.85,76,75,3.44,broken clouds,2021-11-01 01:30:06
102,Hailin,CN,44.5833,129.4167,42.22,52,97,4.54,overcast clouds,2021-11-01 01:30:06
103,Nata,PA,8.3333,-80.5167,76.87,92,100,3.11,overcast clouds,2021-11-01 01:30:07
104,Marrakesh,MA,31.6315,-8.0083,62.67,67,18,4.61,few clouds,2021-11-01 01:29:14
105,Mount Isa,AU,-20.7333,139.5,92.97,33,12,16.11,few clouds,2021-11-01 01:30:08
106,Cedar City,US,37.6775,-113.0619,56.37,40,1,12.66,clear sky,2021-11-01 01:30:09
107,Ekhabi,RU,53.5102,142.9671,32.41,51,7,9.22,clear sky,2021-11-01 01:30:09
108,Malanje,AO,-9.5402,16.341,64.13,97,100,2.51,light rain,2021-11-01 01:30:10
109,Awjilah,LY,29.1081,21.2869,64.9,86,71,7.14,broken clouds,2021-11-01 01:30:10
110,Brae,GB,60.3964,-1.353,49.91,87,89,14.03,overcast clouds,2021-11-01 01:30:11
111,East London,ZA,-33.0153,27.9116,64.78,83,88,13.42,overcast clouds,2021-11-01 01:30:12
112,Finnsnes,NO,69.2296,17.9811,42.76,93,100,4.74,overcast clouds,2021-11-01 01:30:12
113,Shemysheyka,RU,52.892,45.3928,46.62,86,6,7.18,clear sky,2021-11-01 01:30:12
114,Tabuk,PH,17.4189,121.4443,78.53,77,89,5.23,overcast clouds,2021-11-01 01:30:13
115,Hobart,AU,-42.8794,147.3294,66.02,54,75,5.99,broken clouds,2021-11-01 01:25:29
116,Atuona,PF,-9.8,-139.0333,78.73,73,0,17.58,clear sky,2021-11-01 01:30:13
117,Vadso,NO,70.0744,29.7487,25.68,82,100,6.67,overcast clouds,2021-11-01 01:30:14
118,Egvekinot,RU,66.3167,-179.1667,-1.62,84,87,6.85,overcast clouds,2021-11-01 01:30:14
119,Tanout,NE,14.9709,8.8879,79.05,19,61,10.38,broken clouds,2021-11-01 01:30:14
120,Mount Gambier,AU,-37.8333,140.7667,66.11,45,4,3.44,clear sky,2021-11-01 01:30:15
121,Kungsbacka,SE,57.4872,12.0761,57.52,90,100,18.01,overcast clouds,2021-11-01 01:30:15
122,Cayenne,GF,4.9333,-52.3333,82.09,82,75,3.0,light rain,2021-11-01 01:30:05
123,Avarua,CK,-21.2078,-159.775,77.05,69,75,17.27,broken clouds,2021-11-01 01:30:15
124,Mapiripan,CO,2.8892,-72.1256,72.86,99,100,3.24,overcast clouds,2021-11-01 01:30:16
125,Yermakovskoye,RU,53.2831,92.4003,33.85,57,100,20.58,overcast clouds,2021-11-01 01:30:16
126,Utiel,ES,39.5667,-1.2,68.04,86,100,27.22,overcast clouds,2021-11-01 01:30:16
127,Nola,IT,40.922,14.5329,62.92,91,100,2.48,light rain,2021-11-01 01:30:17
128,Ryabovo,RU,59.4,31.1333,46.63,94,84,6.13,broken clouds,2021-11-01 01:30:17
129,San Policarpo,PH,12.1791,125.5072,82.67,78,64,15.41,broken clouds,2021-11-01 01:30:17
130,Olafsvik,IS,64.8945,-23.7142,34.77,70,24,17.16,few clouds,2021-11-01 01:30:18
131,Winneba,GH,5.3511,-0.6231,79.27,88,97,12.91,overcast clouds,2021-11-01 01:30:18
132,Vangaindrano,MG,-23.35,47.6,71.13,94,100,6.08,moderate rain,2021-11-01 01:30:18
133,Gushikawa,JP,26.3544,127.8686,79.83,83,20,6.91,few clouds,2021-11-01 01:30:19
134,Weligama,LK,5.9667,80.4167,79.11,86,100,8.03,overcast clouds,2021-11-01 01:30:19
135,Naze,JP,28.3667,129.4833,67.12,75,20,14.97,few clouds,2021-11-01 01:30:19
136,Mar Del Plata,AR,-38.0023,-57.5575,55.09,90,90,4.0,light rain,2021-11-01 01:30:07
137,Kourou,GF,5.1552,-52.6478,82.11,86,55,6.06,broken clouds,2021-11-01 01:31:20
138,Waw,SS,7.7029,27.9953,73.78,82,64,2.48,broken clouds,2021-11-01 01:31:20
139,Benghazi,LY,32.1167,20.0667,68.95,70,100,4.68,overcast clouds,2021-11-01 01:26:26
140,Airai,TL,-8.9266,125.4092,76.42,43,60,2.3,broken clouds,2021-11-01 01:31:21
141,Pandan,PH,14.0453,124.1694,83.7,70,50,11.68,scattered clouds,2021-11-01 01:31:21
142,Hasaki,JP,35.7333,140.8333,64.29,71,100,4.72,overcast clouds,2021-11-01 01:31:21
143,Sembe,CG,1.6481,14.5806,69.15,98,100,1.5,light rain,2021-11-01 01:31:22
144,Tuktoyaktuk,CA,69.4541,-133.0374,28.4,80,75,13.8,broken clouds,2021-11-01 01:31:22
145,Markova,UA,48.6758,24.4138,38.59,71,0,2.8,clear sky,2021-11-01 01:31:22
146,Santa Maria Do Suacui,BR,-18.1903,-42.4142,67.66,95,100,2.62,moderate rain,2021-11-01 01:31:23
147,Fortuna,US,40.5982,-124.1573,62.47,70,90,5.01,overcast clouds,2021-11-01 01:31:23
148,Cayeli,TR,41.0923,40.7292,63.54,66,56,5.44,broken clouds,2021-11-01 01:31:23
149,Abalak,RU,58.1286,68.5944,24.82,96,100,5.37,snow,2021-11-01 01:31:24
150,Port Augusta,AU,-32.5,137.7667,77.14,15,100,5.17,overcast clouds,2021-11-01 01:31:24
151,Beloha,MG,-25.1667,45.05,69.58,81,47,5.14,scattered clouds,2021-11-01 01:31:24
152,Kulhudhuffushi,MV,6.6221,73.07,81.91,76,100,13.94,light rain,2021-11-01 01:31:25
153,Santiago,CL,-33.4569,-70.6483,65.86,51,0,11.5,clear sky,2021-11-01 01:29:43
154,Dhanwar,IN,24.4167,85.9833,69.44,61,0,1.36,clear sky,2021-11-01 01:31:25
155,Santa Maria,BR,-29.6842,-53.8069,74.5,73,0,5.75,clear sky,2021-11-01 01:31:25
156,Saint Anthony,US,45.0205,-93.218,41.95,60,75,1.01,broken clouds,2021-11-01 01:31:26
157,College,US,64.8569,-147.8028,51.46,49,75,4.61,broken clouds,2021-11-01 01:29:56
158,Saint-Philippe,RE,-21.3585,55.7679,68.22,85,66,10.18,broken clouds,2021-11-01 01:31:26
159,Sistranda,NO,63.7256,8.834,48.9,72,100,29.89,overcast clouds,2021-11-01 01:31:27
160,La Brea,HN,15.8,-85.9667,73.45,87,22,1.43,few clouds,2021-11-01 01:31:27
161,Svetlyy,RU,54.675,20.1347,46.45,66,50,14.03,scattered clouds,2021-11-01 01:31:27
162,Klaksvik,FO,62.2266,-6.589,41.92,66,100,12.68,overcast clouds,2021-11-01 01:31:27
163,Kapaa,US,22.0752,-159.319,82.38,78,90,1.99,light rain,2021-11-01 01:31:28
164,Comodoro Rivadavia,AR,-45.8667,-67.5,48.06,71,0,8.05,clear sky,2021-11-01 01:27:20
165,Katsuura,JP,35.1333,140.3,69.19,79,100,7.7,overcast clouds,2021-11-01 01:31:28
166,Shu,KZ,43.5983,73.7614,40.53,68,70,2.89,broken clouds,2021-11-01 01:31:29
167,Poronaysk,RU,49.2167,143.1167,33.51,49,0,7.67,clear sky,2021-11-01 01:31:29
168,Santa Vitoria Do Palmar,BR,-33.5189,-53.3681,63.7,97,79,6.42,moderate rain,2021-11-01 01:31:29
169,Lavrentiya,RU,65.5833,-171.0,13.21,78,100,10.31,overcast clouds,2021-11-01 01:30:43
170,Nakusp,CA,50.2499,-117.8023,30.54,93,0,3.44,clear sky,2021-11-01 01:31:30
171,Ankara,TR,39.9199,32.8543,51.21,85,75,2.3,broken clouds,2021-11-01 01:31:18
172,Kodiak,US,57.79,-152.4072,42.42,90,100,6.96,overcast clouds,2021-11-01 01:31:30
173,Havre-Saint-Pierre,CA,50.2334,-63.5986,50.59,100,90,14.97,mist,2021-11-01 01:31:30
174,Cidreira,BR,-30.1811,-50.2056,67.77,88,9,21.0,clear sky,2021-11-01 01:31:31
175,Juchitepec,MX,19.1,-98.8833,62.71,73,100,3.58,overcast clouds,2021-11-01 01:31:31
176,Vao,NC,-22.6667,167.4833,71.98,77,29,16.11,scattered clouds,2021-11-01 01:31:31
177,Nioro,GM,13.35,-15.75,75.94,67,81,5.26,broken clouds,2021-11-01 01:31:32
178,Milton,US,34.1322,-84.3007,54.77,88,0,7.7,clear sky,2021-11-01 01:26:33
179,Caravelas,BR,-17.7125,-39.2481,75.18,82,36,7.61,scattered clouds,2021-11-01 01:26:32
180,Novo Aripuana,BR,-5.1206,-60.3797,77.16,78,97,2.37,overcast clouds,2021-11-01 01:31:32
181,Bethel,US,41.3712,-73.414,56.8,86,1,1.01,clear sky,2021-11-01 01:31:32
182,High Level,CA,58.5169,-117.136,32.11,69,40,6.91,scattered clouds,2021-11-01 01:32:33
183,Akureyri,IS,65.6835,-18.0878,33.73,93,90,19.57,light intensity drizzle,2021-11-01 01:32:33
184,Severo-Kurilsk,RU,50.6789,156.125,35.98,64,79,25.41,light rain,2021-11-01 01:32:33
185,Ribeira Grande,PT,38.5167,-28.7,71.24,87,100,7.47,overcast clouds,2021-11-01 01:32:34
186,Lagunas,PE,-5.2269,-75.6753,77.92,79,12,0.87,light rain,2021-11-01 01:32:34
187,Voyvozh,RU,62.892,54.9635,15.94,97,99,4.38,overcast clouds,2021-11-01 01:32:34
188,Chicama,PE,-7.8447,-79.1469,59.54,76,21,4.54,few clouds,2021-11-01 01:32:35
189,Along,IN,28.1667,94.7667,66.07,74,7,0.78,clear sky,2021-11-01 01:32:35
190,Upernavik,GL,72.7868,-56.1549,28.96,77,100,11.59,overcast clouds,2021-11-01 01:31:59
191,Fort Nelson,CA,58.8053,-122.7002,24.39,74,20,3.44,few clouds,2021-11-01 01:32:35
192,Taybad,IR,34.74,60.7756,46.63,44,0,7.81,clear sky,2021-11-01 01:32:36
193,Antalaha,MG,-14.9003,50.2788,71.74,89,3,3.91,clear sky,2021-11-01 01:32:36
194,Valparaiso,CL,-33.0393,-71.6273,58.48,73,20,5.75,few clouds,2021-11-01 01:32:36
195,Luderitz,NA,-26.6481,15.1594,61.45,69,100,6.98,overcast clouds,2021-11-01 01:30:35
196,Swellendam,ZA,-34.0226,20.4417,62.55,80,100,4.18,overcast clouds,2021-11-01 01:32:37
197,Guerrero Negro,MX,27.9769,-114.0611,64.31,84,0,11.23,clear sky,2021-11-01 01:32:37
198,Lubango,AO,-14.9172,13.4925,63.18,40,20,4.88,few clouds,2021-11-01 01:32:37
199,Camaqua,BR,-30.8511,-51.8122,66.6,90,61,7.72,broken clouds,2021-11-01 01:32:38
200,Coquimbo,CL,-29.9533,-71.3436,56.93,88,75,6.91,broken clouds,2021-11-01 01:28:05
201,Clyde River,CA,70.4692,-68.5914,20.21,86,100,7.09,overcast clouds,2021-11-01 01:32:38
202,Necochea,AR,-38.5473,-58.7368,51.04,80,100,7.63,overcast clouds,2021-11-01 01:30:05
203,Kruisfontein,ZA,-34.0033,24.7314,61.88,88,100,14.0,overcast clouds,2021-11-01 01:32:39
204,Cherskiy,RU,68.75,161.3,-0.26,97,100,5.73,overcast clouds,2021-11-01 01:32:39
205,Carutapera,BR,-1.195,-46.02,77.72,88,87,7.05,overcast clouds,2021-11-01 01:32:39
206,Provideniya,RU,64.3833,-173.3,19.51,58,0,11.18,clear sky,2021-11-01 01:32:39
207,Winslow,US,35.0242,-110.6974,62.78,31,1,1.01,clear sky,2021-11-01 01:32:40
208,Iskateley,RU,67.6803,53.1512,8.24,90,5,5.26,clear sky,2021-11-01 01:32:40
209,San Miguel,SV,13.4833,-88.1833,72.23,98,53,2.17,broken clouds,2021-11-01 01:32:41
210,Gamba,GA,-2.65,10.0,75.99,89,100,8.28,light rain,2021-11-01 01:32:41
211,Hobyo,SO,5.3505,48.5268,79.77,71,5,12.03,clear sky,2021-11-01 01:32:41
212,Tomatlan,MX,19.9333,-105.25,73.9,88,0,0.78,clear sky,2021-11-01 01:32:42
213,Tete,MZ,-16.1564,33.5867,80.69,57,0,11.5,clear sky,2021-11-01 01:32:42
214,Serowe,BW,-22.3833,26.7167,64.72,71,2,8.93,clear sky,2021-11-01 01:32:42
215,Bulgan,MN,48.8125,103.5347,34.45,48,100,2.91,overcast clouds,2021-11-01 01:32:42
216,Ipswich,GB,52.0592,1.1555,51.13,78,50,14.97,scattered clouds,2021-11-01 01:29:17
217,Norman Wells,CA,65.282,-126.8329,19.44,93,75,2.3,broken clouds,2021-11-01 01:32:43
218,Samarai,PG,-10.6167,150.6667,83.79,76,100,15.01,overcast clouds,2021-11-01 01:32:43
219,Yulara,AU,-25.2406,130.9889,76.84,53,0,8.05,clear sky,2021-11-01 01:32:43
220,The Valley,AI,18.217,-63.0578,82.09,70,1,13.42,clear sky,2021-11-01 01:32:44
221,Linhares,BR,-19.3911,-40.0722,70.99,94,100,2.84,overcast clouds,2021-11-01 01:32:44
222,Victoria,HK,22.2855,114.1577,80.04,75,37,3.0,scattered clouds,2021-11-01 01:29:21
223,Curanilahue,CL,-37.4667,-73.35,47.16,95,20,3.04,few clouds,2021-11-01 01:32:45
224,Izhma,RU,65.0083,53.9113,7.88,95,34,4.05,scattered clouds,2021-11-01 01:32:45
225,Dingle,PH,10.9995,122.6711,83.3,77,80,15.14,broken clouds,2021-11-01 01:33:45
226,Talnakh,RU,69.4865,88.3972,-13.7,98,85,4.41,overcast clouds,2021-11-01 01:33:45
227,Lafiagi,NG,8.8667,5.4167,74.68,66,99,3.56,overcast clouds,2021-11-01 01:33:46
228,Monte Carmelo,BR,-18.7247,-47.4986,64.02,98,100,2.71,light rain,2021-11-01 01:31:07
229,Bukene,TZ,-4.2333,32.8833,70.97,60,92,4.45,overcast clouds,2021-11-01 01:33:46
230,Vila Franca Do Campo,PT,37.7167,-25.4333,73.2,94,100,7.9,overcast clouds,2021-11-01 01:33:47
231,Sebezh,RU,56.2955,28.4654,40.08,86,12,6.04,few clouds,2021-11-01 01:33:47
232,Bengkulu,ID,-3.8004,102.2655,80.38,77,100,2.57,overcast clouds,2021-11-01 01:30:34
233,Sabha,LY,27.0377,14.4283,65.68,27,0,1.92,clear sky,2021-11-01 01:33:47
234,Mossendjo,CG,-2.9506,12.7261,70.21,99,100,2.19,overcast clouds,2021-11-01 01:33:48
235,Sarai,RU,53.7458,41.0213,39.61,84,6,7.2,clear sky,2021-11-01 01:33:48
236,Sioux Lookout,CA,50.1001,-91.917,33.87,93,90,8.05,light shower snow,2021-11-01 01:33:48
237,Almaznyy,RU,48.0448,40.045,46.54,95,0,7.63,clear sky,2021-11-01 01:33:48
238,Oum Hadjer,TD,13.2954,19.6966,80.53,23,38,7.78,scattered clouds,2021-11-01 01:33:49
239,Dikson,RU,73.5069,80.5464,5.72,93,97,11.12,overcast clouds,2021-11-01 01:33:49
240,Envira,BR,-7.3,-70.2167,74.66,91,90,2.82,overcast clouds,2021-11-01 01:33:49
241,Pacific Grove,US,36.6177,-121.9166,61.99,79,1,1.01,clear sky,2021-11-01 01:31:39
242,Nicoya,CR,10.1483,-85.452,76.55,91,98,0.94,overcast clouds,2021-11-01 01:33:50
243,Gap,FR,44.6667,6.0,43.07,87,100,4.54,overcast clouds,2021-11-01 01:33:50
244,Tekeli,KZ,44.83,78.8239,37.54,66,100,5.23,overcast clouds,2021-11-01 01:33:50
245,Uyuni,BO,-20.4597,-66.825,50.56,9,100,5.26,overcast clouds,2021-11-01 01:33:51
246,Saint-Joseph,RE,-21.3667,55.6167,67.21,82,32,9.57,scattered clouds,2021-11-01 01:33:51
247,Geraldton,AU,-28.7667,114.6,68.41,56,75,17.27,broken clouds,2021-11-01 01:31:50
248,Aksu,CN,41.1231,80.2644,43.97,31,0,2.71,clear sky,2021-11-01 01:33:51
249,Mafinga,TZ,-7.25,35.0667,69.84,75,100,3.33,overcast clouds,2021-11-01 01:33:52
250,Liverpool,GB,53.4106,-2.9779,50.18,86,75,5.01,light rain,2021-11-01 01:29:01
251,Maicao,CO,11.3832,-72.2432,77.49,82,97,5.28,overcast clouds,2021-11-01 01:33:52
252,Ixtapa,MX,20.7,-105.2,74.35,92,4,1.39,clear sky,2021-11-01 01:33:52
253,Paita,PE,-5.0892,-81.1144,64.69,82,14,12.01,few clouds,2021-11-01 01:33:53
254,Flin Flon,CA,54.7682,-101.865,30.25,92,100,7.52,light snow,2021-11-01 01:33:53
255,Half Moon Bay,US,37.4636,-122.4286,63.03,78,1,1.01,clear sky,2021-11-01 01:33:53
256,Banda Aceh,ID,5.5577,95.3222,81.95,73,93,4.76,overcast clouds,2021-11-01 01:33:54
257,Daloa,CI,6.8774,-6.4502,70.16,99,100,2.84,light rain,2021-11-01 01:33:54
258,Galveston,US,29.3669,-94.9669,71.56,70,1,4.61,clear sky,2021-11-01 01:33:54
259,Mecca,SA,21.4267,39.8261,77.61,61,0,0.58,clear sky,2021-11-01 01:33:55
260,Westerland,DE,54.9079,8.3033,53.62,87,61,16.11,broken clouds,2021-11-01 01:33:55
261,Onguday,RU,50.75,86.15,27.3,69,100,3.33,overcast clouds,2021-11-01 01:33:55
262,Zverinogolovskoye,RU,54.4586,64.8542,43.47,85,100,13.15,overcast clouds,2021-11-01 01:33:55
263,Kikwit,CD,-5.041,18.8162,68.81,99,100,0.74,moderate rain,2021-11-01 01:33:56
264,Mariental,NA,-24.6333,17.9667,62.53,23,0,9.24,clear sky,2021-11-01 01:33:56
265,Sao Joao Da Barra,BR,-21.6403,-41.0511,70.56,93,100,18.34,overcast clouds,2021-11-01 01:30:12
266,Da Lat,VN,11.9465,108.4419,71.19,68,25,3.71,scattered clouds,2021-11-01 01:33:57
267,Estrela,BR,-28.0611,-50.9383,59.14,87,69,7.9,broken clouds,2021-11-01 01:33:57
268,Victor Harbor,AU,-35.5667,138.6167,83.19,65,0,0.72,clear sky,2021-11-01 01:33:57
269,Rocha,UY,-34.4833,-54.3333,63.03,99,95,3.71,overcast clouds,2021-11-01 01:33:58
270,Flinders,AU,-34.5833,150.8552,76.17,58,100,5.01,overcast clouds,2021-11-01 01:33:58
271,Okha,RU,53.5739,142.9478,32.52,52,7,9.71,clear sky,2021-11-01 01:33:58
272,Kavaratti,IN,10.5669,72.642,81.21,79,88,7.0,overcast clouds,2021-11-01 01:33:58
273,Tautira,PF,-17.7333,-149.15,84.22,75,49,14.56,scattered clouds,2021-11-01 01:34:59
274,Cervo,ES,43.6702,-7.4101,53.96,71,45,16.37,scattered clouds,2021-11-01 01:34:59
275,Vila Do Maio,CV,15.1333,-23.2167,77.79,82,100,14.56,overcast clouds,2021-11-01 01:34:59
276,Santarem,BR,-2.4431,-54.7083,82.53,83,0,3.44,clear sky,2021-11-01 01:35:00
277,Palmer,US,42.1584,-72.3287,57.13,80,75,4.61,broken clouds,2021-11-01 01:34:27
278,Constitucion,CL,-35.3333,-72.4167,51.08,91,73,4.83,broken clouds,2021-11-01 01:30:56
279,Lagoa,PT,39.05,-27.9833,68.09,92,100,10.36,overcast clouds,2021-11-01 01:35:00
280,Sorgun,TR,39.8101,35.186,48.54,75,90,4.16,overcast clouds,2021-11-01 01:35:01
281,Kudahuvadhoo,MV,2.6708,72.8944,83.46,74,16,20.8,few clouds,2021-11-01 01:35:01
282,Aklavik,CA,68.2191,-135.0107,34.52,88,100,8.68,overcast clouds,2021-11-01 01:35:02
283,Kamenka,RU,51.3223,42.7678,39.22,66,0,5.39,clear sky,2021-11-01 01:35:02
284,Malmo,SE,55.6059,13.0007,57.07,79,100,1.99,overcast clouds,2021-11-01 01:35:03
285,Araouane,ML,18.9048,-3.5265,81.0,21,100,11.43,overcast clouds,2021-11-01 01:35:04
286,Abu Samrah,SY,35.3029,37.1841,65.25,60,4,7.96,clear sky,2021-11-01 01:35:05
287,San Cristobal,VE,7.7669,-72.225,66.38,97,99,0.96,light rain,2021-11-01 01:35:05
288,Ponta Delgada,PT,37.7333,-25.6667,73.51,100,75,8.05,broken clouds,2021-11-01 01:35:05
289,Devonport,AU,-41.1667,146.35,65.98,47,100,14.36,overcast clouds,2021-11-01 01:35:06
290,Qui Nhon,VN,13.7667,109.2333,80.11,82,90,7.07,overcast clouds,2021-11-01 01:35:06
291,Anadyr,RU,64.75,177.4833,-7.01,76,68,11.01,broken clouds,2021-11-01 01:35:06
292,Eskisehir,TR,39.7767,30.5206,49.91,87,75,5.75,light intensity shower rain,2021-11-01 01:35:07
293,Viedma,AR,-40.8135,-62.9967,49.05,77,100,6.64,overcast clouds,2021-11-01 01:35:07
294,Ilulissat,GL,69.2167,-51.1,32.02,93,75,14.97,light snow,2021-11-01 01:34:08
295,Alice Springs,AU,-23.7,133.8833,76.55,47,75,5.75,broken clouds,2021-11-01 01:31:18
296,Bambous Virieux,MU,-20.3428,57.7575,70.21,88,40,3.44,scattered clouds,2021-11-01 01:35:08
297,Vaitape,PF,-16.5167,-151.75,78.8,74,75,16.8,light rain,2021-11-01 01:35:08
298,Chokurdakh,RU,70.6333,147.9167,-9.38,99,89,6.73,overcast clouds,2021-11-01 01:35:08
299,Pizarro,CO,4.9533,-77.366,75.22,90,96,0.54,light rain,2021-11-01 01:35:09
300,Bartica,GY,6.4,-58.6167,77.32,98,100,1.77,overcast clouds,2021-11-01 01:35:09
301,Asfi,MA,32.2994,-9.2372,65.3,87,16,6.89,few clouds,2021-11-01 01:32:14
302,Sorland,NO,67.667,12.6934,47.41,88,59,19.82,broken clouds,2021-11-01 01:35:09
303,Suwannaphum,TH,15.6035,103.8021,78.75,81,23,9.13,few clouds,2021-11-01 01:35:10
304,Sokoni,TZ,-6.4333,39.55,79.34,80,7,11.79,clear sky,2021-11-01 01:35:10
305,Nouadhibou,MR,20.931,-17.0347,67.66,85,100,16.84,overcast clouds,2021-11-01 01:35:05
306,Namibe,AO,-15.1961,12.1522,63.73,80,20,8.21,few clouds,2021-11-01 01:35:10
307,Kiama,AU,-34.6833,150.8667,76.37,57,100,13.0,overcast clouds,2021-11-01 01:35:11
308,Turukhansk,RU,65.8167,87.9833,3.81,98,94,3.27,overcast clouds,2021-11-01 01:35:11
309,Inhambane,MZ,-23.865,35.3833,68.09,86,0,1.14,clear sky,2021-11-01 01:35:11
310,Smirice,CZ,50.2998,15.8651,51.84,76,8,11.07,clear sky,2021-11-01 01:35:12
311,Khasan,RU,42.4308,130.6434,44.74,81,100,11.5,moderate rain,2021-11-01 01:35:12
312,Annau,TM,37.8876,58.516,44.1,81,3,2.3,clear sky,2021-11-01 01:35:12
313,Saint-Pierre,RE,-21.3393,55.4781,68.29,72,0,3.44,clear sky,2021-11-01 01:30:42
314,Pangnirtung,CA,66.1451,-65.7125,27.84,96,100,4.63,snow,2021-11-01 01:35:13
315,Gorontalo,ID,0.5412,123.0595,88.3,61,42,3.11,scattered clouds,2021-11-01 01:35:13
316,Mabaruma,GY,8.2,-59.7833,73.53,95,95,1.45,overcast clouds,2021-11-01 01:35:13
317,Singkang,MY,2.1006,102.7994,78.69,81,91,2.8,overcast clouds,2021-11-01 01:35:13
318,Lufilufi,WS,-13.8745,-171.5986,89.38,76,41,14.18,scattered clouds,2021-11-01 01:35:14
319,Bubaque,GW,11.2833,-15.8333,82.87,75,88,10.74,overcast clouds,2021-11-01 01:35:14
320,Vallenar,CL,-28.5708,-70.7581,61.83,62,97,1.68,overcast clouds,2021-11-01 01:30:15
321,Sebinkarahisar,TR,40.2883,38.4236,44.47,81,5,5.37,clear sky,2021-11-01 01:36:15
322,Seymchan,RU,62.8833,152.4333,0.34,81,40,4.36,scattered clouds,2021-11-01 01:36:15
323,Buarcos,PT,40.166,-8.8768,64.67,100,100,8.34,overcast clouds,2021-11-01 01:36:15
324,Barinas,VE,8.6226,-70.2075,76.69,94,93,4.54,overcast clouds,2021-11-01 01:36:16
325,Grand Baie,MU,-20.0182,57.5802,70.45,82,0,3.0,clear sky,2021-11-01 01:36:16
326,Pervomayskoye,RU,43.919,46.7102,56.71,85,100,10.45,overcast clouds,2021-11-01 01:36:16
327,Kosonsoy,UZ,41.2561,71.5508,37.96,55,8,5.88,clear sky,2021-11-01 01:36:17
328,Dunedin,NZ,-45.8742,170.5036,61.59,54,34,1.48,scattered clouds,2021-11-01 01:32:28
329,Betong,TH,5.7743,101.0723,80.71,78,91,0.58,overcast clouds,2021-11-01 01:36:17
330,Raudeberg,NO,61.9875,5.1352,50.67,61,100,4.0,moderate rain,2021-11-01 01:36:17
331,Loikaw,MM,19.6742,97.2094,71.22,88,18,1.7,few clouds,2021-11-01 01:36:18
332,Kangaatsiaq,GL,68.3065,-53.4641,35.53,82,100,19.95,overcast clouds,2021-11-01 01:36:18
333,Canon City,US,38.441,-105.2424,50.04,92,90,1.99,overcast clouds,2021-11-01 01:36:05
334,Srednekolymsk,RU,67.45,153.6833,-3.77,95,35,4.56,scattered clouds,2021-11-01 01:31:59
335,Brazzaville,CG,-4.2658,15.2832,79.11,78,100,3.44,light rain,2021-11-01 01:36:18
336,Lompoc,US,34.6391,-120.4579,62.74,81,1,8.05,clear sky,2021-11-01 01:36:19
337,Port Hawkesbury,CA,45.6169,-61.3485,57.18,99,90,11.01,light rain,2021-11-01 01:36:19
338,Touros,BR,-5.1989,-35.4608,81.5,78,44,14.07,scattered clouds,2021-11-01 01:36:19
339,Truth Or Consequences,US,33.1284,-107.2528,73.63,17,1,11.5,clear sky,2021-11-01 01:36:20
340,Arman,RU,59.7,150.1667,15.31,43,0,6.44,clear sky,2021-11-01 01:36:20
341,Rondonopolis,BR,-16.4708,-54.6356,74.8,85,100,3.15,overcast clouds,2021-11-01 01:35:07
342,Kieta,PG,-6.2167,155.6333,82.99,76,100,4.61,moderate rain,2021-11-01 01:36:21
343,Raton,US,36.9034,-104.4391,46.06,59,1,9.22,clear sky,2021-11-01 01:36:21
344,Pachmarhi,IN,22.4667,78.4333,57.6,54,6,2.73,clear sky,2021-11-01 01:36:21
345,Sompeta,IN,18.9333,84.6,78.19,83,23,7.05,few clouds,2021-11-01 01:36:22
346,Leningradskiy,RU,69.3833,178.4167,-2.04,87,99,12.48,overcast clouds,2021-11-01 01:36:22
347,Kaitangata,NZ,-46.2817,169.8464,62.96,48,92,11.01,light rain,2021-11-01 01:34:31
348,Bekesszentandras,HU,46.8667,20.4833,37.74,77,0,7.27,clear sky,2021-11-01 01:36:22
349,Santa Cruz De Tenerife,ES,28.4682,-16.2546,73.6,75,0,7.0,clear sky,2021-11-01 01:36:23
350,Yerbogachen,RU,61.2767,108.0108,21.22,79,100,4.23,overcast clouds,2021-11-01 01:36:23
351,Scarborough,GB,54.2797,-0.4044,49.57,86,83,4.0,broken clouds,2021-11-01 01:36:14
352,Gazimurskiy Zavod,RU,51.5461,118.3266,33.04,31,19,6.38,few clouds,2021-11-01 01:36:23
353,Udachnyy,RU,66.4167,112.4,5.27,84,57,17.67,broken clouds,2021-11-01 01:36:24
354,Hofn,IS,64.2539,-15.2082,39.6,60,99,29.48,light rain,2021-11-01 01:36:24
355,Hovd,MN,48.0056,91.6419,34.72,28,3,14.29,clear sky,2021-11-01 01:36:24
356,Sterling,US,39.0062,-77.4286,58.06,78,1,1.01,clear sky,2021-11-01 01:32:11
357,Vestmannaeyjar,IS,63.4427,-20.2734,38.05,69,16,25.21,few clouds,2021-11-01 01:36:25
358,Peleduy,RU,59.6289,112.7406,27.14,87,100,1.9,overcast clouds,2021-11-01 01:36:25
359,Roald,NO,62.5833,6.1333,50.32,62,90,9.22,overcast clouds,2021-11-01 01:36:25
360,Hastings,GB,50.8552,0.5729,54.28,75,99,27.78,overcast clouds,2021-11-01 01:36:26
361,Liuzhou,CN,24.3126,109.3892,63.12,94,100,5.37,overcast clouds,2021-11-01 01:36:26
362,Olinda,BR,-8.0089,-34.8553,80.33,74,40,6.91,scattered clouds,2021-11-01 01:36:26
363,Kununurra,AU,-15.7667,128.7333,85.98,62,52,5.75,broken clouds,2021-11-01 01:36:27
364,Formosa,AR,-26.1775,-58.1781,76.98,73,0,4.61,clear sky,2021-11-01 01:36:27
365,Talara,PE,-4.5772,-81.2719,65.44,83,7,9.84,clear sky,2021-11-01 01:35:14
366,Powell River,CA,49.8496,-124.5361,46.4,87,1,0.0,clear sky,2021-11-01 01:37:27
367,Najran,SA,17.4924,44.1277,61.45,49,4,2.59,clear sky,2021-11-01 01:35:35
368,Shelburne,CA,44.0787,-80.2041,47.57,96,100,19.06,overcast clouds,2021-11-01 01:34:54
369,Port Lincoln,AU,-34.7333,135.8667,72.19,44,0,9.86,clear sky,2021-11-01 01:37:28
370,Sitka,US,57.0531,-135.33,51.69,37,75,10.36,broken clouds,2021-11-01 01:37:28
371,Kabinda,CD,-6.1333,24.4833,64.72,93,100,3.2,overcast clouds,2021-11-01 01:37:29
372,Kurchum,KZ,48.5722,83.6542,35.58,76,100,3.4,overcast clouds,2021-11-01 01:37:29
373,Balabac,PH,7.9868,117.0645,83.39,78,100,19.82,overcast clouds,2021-11-01 01:37:29
374,Rio Gallegos,AR,-51.6226,-69.2181,50.05,50,0,28.77,clear sky,2021-11-01 01:37:30
375,Natal,BR,-5.795,-35.2094,81.25,78,40,11.5,scattered clouds,2021-11-01 01:33:55
376,Asau,RO,46.4333,26.4,43.72,91,0,4.21,clear sky,2021-11-01 01:37:30
377,Majene,ID,-3.5403,118.9707,84.79,68,91,5.86,overcast clouds,2021-11-01 01:37:30
378,Betioky,MG,-23.7167,44.3833,65.03,95,0,3.36,clear sky,2021-11-01 01:37:31
379,Roma,US,43.2128,-75.4557,54.39,89,90,0.0,overcast clouds,2021-11-01 01:37:31
380,Los Llanos De Aridane,ES,28.6585,-17.9182,67.12,40,75,10.0,broken clouds,2021-11-01 01:37:31
381,Kinkala,CG,-4.3614,14.7644,75.51,96,100,4.72,moderate rain,2021-11-01 01:37:32
382,Upata,VE,8.0086,-62.3989,70.61,92,88,3.0,overcast clouds,2021-11-01 01:37:32
383,Yumen,CN,40.2833,97.2,44.47,27,100,9.62,overcast clouds,2021-11-01 01:37:32
384,Merauke,ID,-8.4667,140.3333,85.51,72,51,11.7,broken clouds,2021-11-01 01:37:33
385,Tevaitoa,PF,-16.7833,-151.5,78.85,73,66,17.2,broken clouds,2021-11-01 01:37:33
386,Llanes,ES,43.4198,-4.7549,58.89,84,100,20.07,overcast clouds,2021-11-01 01:37:33
387,Jutai,BR,-5.1833,-68.9,73.18,95,92,2.28,overcast clouds,2021-11-01 01:37:34
388,Sarishabari,BD,24.7333,89.8333,71.91,64,0,5.21,clear sky,2021-11-01 01:37:34
389,Kholtoson,RU,50.2981,103.3097,34.61,50,76,2.53,broken clouds,2021-11-01 01:37:34
390,Tukrah,LY,32.5341,20.5791,65.93,74,100,3.65,overcast clouds,2021-11-01 01:37:35
391,Peniche,PT,39.3558,-9.3811,69.62,95,100,11.23,overcast clouds,2021-11-01 01:37:35
392,Diapaga,BF,12.0708,1.7889,77.86,23,92,2.8,overcast clouds,2021-11-01 01:37:35
393,Barraute,CA,48.4335,-77.6328,43.07,90,48,6.64,scattered clouds,2021-11-01 01:37:36
394,Ossora,RU,59.2353,163.0719,11.35,79,12,11.1,few clouds,2021-11-01 01:37:36
395,Vitim,RU,59.4511,112.5578,27.61,88,100,2.17,overcast clouds,2021-11-01 01:37:36
396,Bac Lieu,VN,9.285,105.7244,83.25,76,100,11.41,overcast clouds,2021-11-01 01:37:36
397,Vardo,NO,70.3705,31.1107,37.67,75,97,21.61,overcast clouds,2021-11-01 01:37:37
398,Codrington,AU,-38.2667,141.9667,64.54,62,0,7.47,clear sky,2021-11-01 01:37:37
399,Baghramyan,AM,40.1934,44.3683,47.19,100,75,1.14,mist,2021-11-01 01:37:38
400,Arraial Do Cabo,BR,-22.9661,-42.0278,69.93,95,100,22.66,light rain,2021-11-01 01:37:38
401,Deputatskiy,RU,69.3,139.9,2.46,71,100,1.3,overcast clouds,2021-11-01 01:37:38
402,Pokhara,NP,28.2333,83.9833,60.91,77,89,0.98,overcast clouds,2021-11-01 01:37:38
403,Clocolan,ZA,-28.9137,27.5656,54.14,44,6,2.24,clear sky,2021-11-01 01:37:39
404,Tatarsk,RU,55.219,75.9828,24.31,91,100,8.93,overcast clouds,2021-11-01 01:37:39
405,Baturaja,ID,-4.1333,104.1667,80.17,82,94,2.46,overcast clouds,2021-11-01 01:37:39
406,Urumqi,CN,43.801,87.6005,38.35,75,90,4.47,overcast clouds,2021-11-01 01:37:40
407,Westport,US,41.1415,-73.3579,59.79,89,1,8.01,clear sky,2021-11-01 01:35:38
408,Sovetskiy,RU,61.3614,63.5842,17.46,92,100,8.68,light snow,2021-11-01 01:37:40
409,Port Macquarie,AU,-31.4333,152.9167,71.89,50,99,10.83,overcast clouds,2021-11-01 01:37:40
410,Cabo Rojo,PR,18.0866,-67.1457,79.83,85,12,3.42,few clouds,2021-11-01 01:34:14
411,Atambua,ID,-9.1061,124.8925,86.11,52,82,3.09,broken clouds,2021-11-01 01:38:41
412,Elko,US,41.0002,-115.5012,53.62,55,71,5.99,broken clouds,2021-11-01 01:38:41
413,Artyom,AZ,40.4723,50.333,57.34,84,81,11.72,broken clouds,2021-11-01 01:38:41
414,Guanhaes,BR,-18.775,-42.9325,65.16,98,100,2.37,light rain,2021-11-01 01:38:42
415,Tromso,NO,69.6496,18.957,42.82,65,40,1.99,scattered clouds,2021-11-01 01:34:57
416,Marawi,PH,7.9986,124.2928,74.64,68,65,5.26,broken clouds,2021-11-01 01:38:42
417,Lakatoro,VU,-16.0999,167.4164,80.85,72,44,9.06,scattered clouds,2021-11-01 01:34:10
418,Gambela,ET,8.25,34.5833,69.75,59,17,3.85,few clouds,2021-11-01 01:38:42
419,Hamilton,US,39.1834,-84.5333,58.44,74,90,3.0,overcast clouds,2021-11-01 01:36:57
420,Kutum,SD,14.2,24.6667,73.44,23,36,11.25,scattered clouds,2021-11-01 01:35:08
421,Sao Filipe,CV,14.8961,-24.4956,79.56,76,99,7.63,overcast clouds,2021-11-01 01:38:43
422,Buala,SB,-8.145,159.5921,83.39,74,71,5.39,moderate rain,2021-11-01 01:38:43
423,Reshetylivka,UA,49.565,34.0782,39.61,80,0,7.76,clear sky,2021-11-01 01:38:44
424,Kalmunai,LK,7.4167,81.8167,80.94,83,40,6.55,scattered clouds,2021-11-01 01:38:44
425,Bud,US,39.447,-86.1758,51.12,85,0,7.52,clear sky,2021-11-01 01:38:44
426,Khor,RU,47.8861,134.9464,40.08,42,0,1.12,clear sky,2021-11-01 01:38:45
427,Tigil,RU,57.8,158.6667,20.41,82,100,14.05,overcast clouds,2021-11-01 01:38:45
428,Alofi,NU,-19.0595,-169.9187,82.29,61,27,16.11,scattered clouds,2021-11-01 01:38:45
429,Cranbrook,CA,49.4999,-115.7688,31.84,59,1,3.44,clear sky,2021-11-01 01:38:46
430,Rundu,NA,-17.9333,19.7667,71.13,54,1,7.65,clear sky,2021-11-01 01:38:00
431,San Miguelito,PA,9.0333,-79.5,79.56,85,40,3.44,scattered clouds,2021-11-01 01:38:46
432,San Quintin,MX,30.4833,-115.95,62.55,84,0,7.74,clear sky,2021-11-01 01:38:46
433,Kampene,CD,-3.6,26.6667,68.7,100,100,2.35,moderate rain,2021-11-01 01:38:47
434,Pozo Colorado,PY,-23.4923,-58.7972,74.25,74,1,4.45,clear sky,2021-11-01 01:38:47
435,Naranjal,EC,-2.6667,-79.6167,78.6,86,98,3.71,light rain,2021-11-01 01:38:47
436,Puerto Del Rosario,ES,28.5004,-13.8627,69.55,83,0,14.97,clear sky,2021-11-01 01:38:48
437,Bilma,NE,18.6853,12.9164,76.48,23,6,13.94,clear sky,2021-11-01 01:34:24
438,San Bartolome De Tirajana,ES,27.9248,-15.5733,58.66,81,20,14.97,few clouds,2021-11-01 01:38:44
439,Katav-Ivanovsk,RU,54.7531,58.1956,41.07,93,100,9.4,overcast clouds,2021-11-01 01:38:48
440,Vila Velha,BR,-20.3297,-40.2925,69.75,100,90,2.3,light rain,2021-11-01 01:38:48
441,Mangai,CD,-4.05,19.5333,68.02,100,100,2.28,moderate rain,2021-11-01 01:38:49
442,Namatanai,PG,-3.6667,152.4333,85.46,68,71,10.78,broken clouds,2021-11-01 01:38:49
443,Mwinilunga,ZM,-11.7358,24.4293,62.47,90,100,3.31,overcast clouds,2021-11-01 01:38:49
444,Adre,TD,13.4667,22.2,77.9,23,53,12.03,broken clouds,2021-11-01 01:38:50
445,Muros,ES,42.7762,-9.0603,57.24,94,35,9.71,scattered clouds,2021-11-01 01:38:50
446,Luganville,VU,-15.5333,167.1667,82.35,68,38,8.79,scattered clouds,2021-11-01 01:38:50
447,Bowen,AU,-20.0167,148.2333,82.62,65,8,21.61,clear sky,2021-11-01 01:38:51
448,Portland,US,45.5234,-122.6762,57.13,45,20,3.0,few clouds,2021-11-01 01:38:51
449,Ust-Nera,RU,64.5667,143.2,-9.45,98,95,5.99,overcast clouds,2021-11-01 01:38:51
450,Dutse,NG,11.7594,9.3392,74.16,23,100,3.58,overcast clouds,2021-11-01 01:38:52
451,Tombouctou,ML,20.0,-3.0,77.88,22,1,12.41,clear sky,2021-11-01 01:38:52
452,Ajaccio,FR,42.0,8.9167,57.36,88,90,5.75,overcast clouds,2021-11-01 01:38:52
453,Kaeo,NZ,-35.1,173.7833,68.32,58,88,4.85,overcast clouds,2021-11-01 01:38:53
454,Tateyama,JP,34.9833,139.8667,69.1,83,99,11.12,overcast clouds,2021-11-01 01:38:53
455,Redmond,US,47.674,-122.1215,53.49,64,3,1.99,clear sky,2021-11-01 01:38:38
456,Falavarjan,IR,32.5553,51.5097,43.81,33,9,1.12,clear sky,2021-11-01 01:38:53
457,Aripuana,BR,-9.1667,-60.6333,75.87,83,77,1.19,broken clouds,2021-11-01 01:38:54
458,Nevelsk,RU,46.6733,141.8633,37.83,53,34,3.87,scattered clouds,2021-11-01 01:39:54
459,Bima,ID,-8.4667,118.7167,90.61,56,27,4.65,scattered clouds,2021-11-01 01:39:54
460,Beira,MZ,-19.8436,34.8389,71.24,82,15,3.15,few clouds,2021-11-01 01:39:55
461,Linguere,SN,15.3953,-15.1193,84.65,33,79,7.61,broken clouds,2021-11-01 01:39:55
462,Ixcatepec,MX,21.2,-97.95,69.98,86,100,5.37,overcast clouds,2021-11-01 01:39:55
463,Amapa,BR,1.0,-52.0,71.87,99,100,1.97,moderate rain,2021-11-01 01:39:20
464,Khiri Mat,TH,16.8333,99.8,78.71,89,100,4.99,overcast clouds,2021-11-01 01:39:56
465,Dobson,US,36.3957,-80.7226,55.08,75,0,0.0,clear sky,2021-11-01 01:38:14
466,Batemans Bay,AU,-35.7167,150.1833,78.19,49,42,8.84,scattered clouds,2021-11-01 01:39:56
467,Ipixuna,BR,-1.7625,-48.8043,80.55,96,100,3.51,overcast clouds,2021-11-01 01:39:56
468,Veraval,IN,20.9,70.3667,74.5,41,12,8.84,few clouds,2021-11-01 01:39:57
469,Aquin,HT,18.2833,-73.4,77.65,81,2,2.77,clear sky,2021-11-01 01:39:57
470,La Ronge,CA,55.1001,-105.2842,30.45,69,90,6.91,overcast clouds,2021-11-01 01:39:57
471,Onega,RU,63.9061,38.1404,40.37,95,100,7.81,light rain,2021-11-01 01:39:58
472,Latung,PH,5.5,120.8833,83.52,72,71,6.29,broken clouds,2021-11-01 01:39:58
473,Belaya Gora,RU,68.5333,146.4167,-4.41,98,79,2.75,broken clouds,2021-11-01 01:39:58
474,Ochamchira,GE,42.7121,41.4721,60.03,59,100,3.36,overcast clouds,2021-11-01 01:39:59
475,Quatre Cocos,MU,-20.2078,57.7625,70.09,78,14,8.5,few clouds,2021-11-01 01:39:59
476,Greenfield,US,42.9614,-88.0126,44.24,60,1,1.01,clear sky,2021-11-01 01:39:59
477,Poya,NC,-21.35,165.15,79.75,58,22,10.6,few clouds,2021-11-01 01:40:00
478,Perry,US,37.2506,-83.1999,54.32,83,100,2.8,overcast clouds,2021-11-01 01:36:39
479,Staryy Nadym,RU,65.6118,72.6842,3.78,96,92,4.63,overcast clouds,2021-11-01 01:40:00
480,Buin,CL,-33.7333,-70.75,67.73,65,100,1.68,overcast clouds,2021-11-01 01:40:01
481,Bambanglipuro,ID,-7.95,110.2833,80.26,81,100,4.12,moderate rain,2021-11-01 01:40:01
482,Ahipara,NZ,-35.1667,173.1667,61.72,60,59,13.33,broken clouds,2021-11-01 01:40:02
483,West Wendover,US,40.7391,-114.0733,56.41,62,20,0.0,few clouds,2021-11-01 01:35:38
484,Locri,IT,38.2414,16.2623,63.75,94,100,3.8,light rain,2021-11-01 01:40:03
485,Cocal,BR,-28.6167,-49.35,62.83,98,35,4.12,scattered clouds,2021-11-01 01:40:04
486,Petropavlovsk-Kamchatskiy,RU,53.0452,158.6483,34.39,44,40,8.95,scattered clouds,2021-11-01 01:40:04
487,Biak,ID,-0.9131,122.8766,83.89,66,28,1.66,scattered clouds,2021-11-01 01:40:05
488,Nador,MA,35.174,-2.9287,68.25,77,0,8.05,clear sky,2021-11-01 01:40:06
489,Komsomolskiy,UZ,40.4272,71.7189,42.22,70,6,4.61,clear sky,2021-11-01 01:40:06
490,Puerto Carreno,CO,6.189,-67.4859,77.2,86,91,4.68,overcast clouds,2021-11-01 01:40:07
491,Fortuna Foothills,US,32.6578,-114.4119,82.49,29,1,3.44,clear sky,2021-11-01 01:40:07
492,Santa Isabel Do Rio Negro,BR,-0.4139,-65.0192,74.23,97,77,2.24,broken clouds,2021-11-01 01:40:07
493,Inuvik,CA,68.3499,-133.7218,34.56,67,75,9.22,broken clouds,2021-11-01 01:39:48
494,Chinhoyi,ZW,-17.3667,30.2,72.88,44,35,5.5,scattered clouds,2021-11-01 01:40:08
495,Morehead,US,37.2711,-87.1764,51.51,86,1,0.0,clear sky,2021-11-01 01:40:08
496,Marfino,RU,55.7028,37.3822,39.11,90,7,8.95,mist,2021-11-01 01:40:08
497,Arco,IT,45.9177,10.8867,56.62,93,61,0.56,broken clouds,2021-11-01 01:40:09
498,Sherlovaya Gora,RU,50.5667,116.25,30.36,50,33,11.52,scattered clouds,2021-11-01 01:40:09
499,Cape Canaveral,US,28.4058,-80.6048,68.99,73,1,6.91,clear sky,2021-11-01 01:40:09
500,Kafue,ZM,-15.7691,28.1814,72.64,41,18,3.96,few clouds,2021-11-01 01:40:10
501,Goderich,CA,43.7501,-81.7165,50.32,71,98,20.71,overcast clouds,2021-11-01 01:40:10
502,Aberystwyth,GB,52.4155,-4.0829,49.3,83,100,30.82,overcast clouds,2021-11-01 01:40:10
503,Port Blair,IN,11.6667,92.75,82.99,75,64,6.08,broken clouds,2021-11-01 01:37:49
504,Aksarka,RU,66.5606,67.7975,-0.71,89,85,3.04,overcast clouds,2021-11-01 01:40:11
505,Sao Miguel Do Araguaia,BR,-13.275,-50.1628,76.86,72,100,7.78,overcast clouds,2021-11-01 01:40:11
506,Ulladulla,AU,-35.35,150.4667,77.77,45,84,12.95,broken clouds,2021-11-01 01:39:52
507,Faya,SA,18.3851,42.4509,54.12,55,8,6.51,clear sky,2021-11-01 01:41:11
508,Jacareacanga,BR,-6.2222,-57.7528,74.55,89,77,2.37,broken clouds,2021-11-01 01:41:12
509,Tandil,AR,-37.3217,-59.1332,52.3,80,100,3.0,overcast clouds,2021-11-01 01:41:12
510,Faranah,GN,10.0404,-10.7434,69.96,93,94,2.48,overcast clouds,2021-11-01 01:41:12
511,Floro,NO,61.5996,5.0328,51.76,62,90,20.71,light intensity shower rain,2021-11-01 01:41:13
512,Solnechnyy,RU,50.7214,136.6319,34.93,47,1,5.06,clear sky,2021-11-01 01:41:13
513,Abha,SA,18.2164,42.5053,53.85,54,0,5.75,clear sky,2021-11-01 01:41:13
514,Ayan,RU,56.45,138.1667,26.58,36,53,2.98,broken clouds,2021-11-01 01:41:14
515,Kashi,CN,39.4547,75.9797,42.01,56,0,4.47,clear sky,2021-11-01 01:41:14
516,Vysotsk,RU,60.6288,28.5705,46.62,90,100,9.82,overcast clouds,2021-11-01 01:41:14
517,Kars,TR,40.602,43.095,41.85,100,75,1.14,broken clouds,2021-11-01 01:41:14
518,Aras,ES,42.5617,-2.356,54.72,100,0,2.3,clear sky,2021-11-01 01:41:15
519,Bonthe,SL,7.5264,-12.505,75.58,91,100,3.56,overcast clouds,2021-11-01 01:41:15
520,Rawson,AR,-43.3002,-65.1023,47.43,75,26,12.86,scattered clouds,2021-11-01 01:40:35
521,Itarema,BR,-2.9248,-39.9167,80.19,78,22,13.15,few clouds,2021-11-01 01:41:15
522,Safford,US,32.834,-109.7076,72.52,23,1,5.75,clear sky,2021-11-01 01:41:16
523,Codajas,BR,-3.8367,-62.0569,73.72,93,98,2.82,light rain,2021-11-01 01:41:16
524,Wanning,CN,18.8003,110.3967,78.93,87,46,8.23,scattered clouds,2021-11-01 01:41:16
525,Sattahip,TH,12.6664,100.9007,88.65,83,20,5.75,few clouds,2021-11-01 01:41:17
526,Salinopolis,BR,-0.6136,-47.3561,79.43,85,70,10.65,broken clouds,2021-11-01 01:41:17
527,Ayame,CI,5.6083,-3.1563,73.89,95,100,5.32,overcast clouds,2021-11-01 01:41:17
528,Yar-Sale,RU,66.8333,70.8333,7.29,96,100,3.49,overcast clouds,2021-11-01 01:41:18
529,Paamiut,GL,61.994,-49.6678,31.39,71,94,7.18,overcast clouds,2021-11-01 01:41:18
530,Kelvington,CA,52.1667,-103.5343,33.46,73,96,6.67,overcast clouds,2021-11-01 01:41:18
531,Pedasi,PA,7.5333,-80.0333,76.06,84,100,5.79,overcast clouds,2021-11-01 01:41:19
532,Jos,NG,9.9167,8.9,65.64,33,100,1.48,overcast clouds,2021-11-01 01:41:19
533,Hualmay,PE,-11.0964,-77.6139,64.24,82,6,8.14,clear sky,2021-11-01 01:41:19
534,Maniitsoq,GL,65.4167,-52.9,35.46,99,98,12.21,light rain,2021-11-01 01:41:20
535,Grand Island,US,40.925,-98.342,43.2,61,90,4.61,overcast clouds,2021-11-01 01:41:20
536,Alampur,IN,15.8833,78.15,75.02,82,97,4.97,overcast clouds,2021-11-01 01:41:20
537,Puerto Escondido,MX,15.85,-97.0667,79.47,80,82,3.27,broken clouds,2021-11-01 01:41:20
538,Idah,NG,7.1065,6.7342,74.16,95,85,2.95,overcast clouds,2021-11-01 01:41:21
539,Mahibadhoo,MV,3.7833,72.9667,83.52,72,25,20.56,scattered clouds,2021-11-01 01:41:21
540,Misratah,LY,32.3754,15.0925,71.46,54,91,10.87,overcast clouds,2021-11-01 01:41:21
541,Laguna,US,38.421,-121.4238,64.22,69,1,0.0,clear sky,2021-11-01 01:41:22
542,Margate,GB,51.3813,1.3862,51.04,78,100,1.99,overcast clouds,2021-11-01 01:41:22
543,Vanimo,PG,-2.6741,141.3028,82.18,80,97,3.13,overcast clouds,2021-11-01 01:41:22
544,Ostrovnoy,RU,68.0531,39.5131,31.73,88,99,15.01,overcast clouds,2021-11-01 01:41:23
545,Honiara,SB,-9.4333,159.95,83.46,76,97,4.43,overcast clouds,2021-11-01 01:41:23
546,Umm Lajj,SA,25.0213,37.2685,83.62,47,75,7.11,broken clouds,2021-11-01 01:41:23
547,Bazarnyye Mataki,RU,54.8833,49.9333,40.46,82,21,10.47,few clouds,2021-11-01 01:41:24
548,Prince George,CA,53.9166,-122.753,32.61,73,1,3.44,clear sky,2021-11-01 01:41:24
549,Sabang,ID,5.8933,95.3214,81.28,75,62,5.88,broken clouds,2021-11-01 01:41:24
550,Puerto Suarez,BO,-18.95,-57.8,76.33,83,18,1.21,few clouds,2021-11-01 01:41:24
551,Plerin,FR,48.5425,-2.7798,48.43,89,99,8.01,overcast clouds,2021-11-01 01:40:31
552,Aurillac,FR,44.9167,2.45,48.45,98,75,1.14,broken clouds,2021-11-01 01:41:25
553,Novikovo,RU,51.1537,37.8879,38.77,65,0,4.09,clear sky,2021-11-01 01:41:25
554,Alyangula,AU,-13.8483,136.4192,91.27,58,75,6.91,broken clouds,2021-11-01 01:41:25
555,Marana,US,32.4367,-111.2254,81.14,22,1,0.0,clear sky,2021-11-01 01:42:43
556,Tshikapa,CD,-6.4167,20.8,69.98,94,100,1.77,overcast clouds,2021-11-01 01:42:51
557,Taksimo,RU,56.3444,114.8794,25.02,65,15,1.7,few clouds,2021-11-01 01:42:52
558,Kimbe,PG,-5.5502,150.1429,86.11,72,100,2.51,moderate rain,2021-11-01 01:42:52
559,Lukovetskiy,RU,64.2956,41.9211,33.78,96,100,8.08,light snow,2021-11-01 01:38:31
560,Zhezkazgan,KZ,47.8043,67.7144,43.68,70,100,13.13,overcast clouds,2021-11-01 01:42:52
561,Ler,SS,8.3018,30.1418,72.55,75,96,0.47,overcast clouds,2021-11-01 01:42:53
562,Mayumba,GA,-3.432,10.6554,76.93,88,100,9.4,light rain,2021-11-01 01:42:53
563,Krasnyy Chikoy,RU,50.3643,108.7512,33.91,62,99,4.14,overcast clouds,2021-11-01 01:42:53
564,Brokopondo,SR,4.75,-55.1667,76.28,90,88,8.37,overcast clouds,2021-11-01 01:42:54
565,Filadelfia,US,39.9523,-75.1638,59.49,75,40,1.99,scattered clouds,2021-11-01 01:40:03
566,Carnarvon,AU,-24.8667,113.6333,71.67,60,75,18.41,broken clouds,2021-11-01 01:42:54
567,Coleraine,GB,55.1333,-6.6667,47.12,86,100,21.68,overcast clouds,2021-11-01 01:42:54
568,Abu Kamal,SY,34.4506,40.9171,70.21,57,100,13.27,overcast clouds,2021-11-01 01:42:55
569,Menomonie,US,44.8755,-91.9193,41.45,52,19,6.91,few clouds,2021-11-01 01:42:55
570,Oxford,GB,51.7522,-1.256,50.59,80,93,3.0,heavy intensity rain,2021-11-01 01:42:55
571,Ginir,ET,7.1333,40.7,57.52,78,96,4.88,light rain,2021-11-01 01:42:55
572,Pocone,BR,-16.2567,-56.6228,73.04,92,19,4.54,few clouds,2021-11-01 01:42:56
573,Korla,CN,41.7597,86.1469,47.21,30,10,3.51,clear sky,2021-11-01 01:42:56
574,Yuxia,CN,34.0615,108.6291,52.41,61,65,2.75,broken clouds,2021-11-01 01:42:57
575,Karratha,AU,-20.7377,116.8463,78.94,51,8,12.3,clear sky,2021-11-01 01:42:57
576,Peace River,CA,56.2501,-117.286,30.51,59,20,4.61,few clouds,2021-11-01 01:42:32
577,Sisimiut,GL,66.9395,-53.6735,35.33,93,97,23.6,light rain,2021-11-01 01:42:57
578,Hengshui,CN,37.7322,115.7011,54.16,69,0,4.61,clear sky,2021-11-01 01:42:58
579,Agogo,GH,6.8,-1.0819,70.07,94,97,4.88,overcast clouds,2021-11-01 01:42:58
580,Halifax,CA,44.6453,-63.5724,58.89,98,98,4.61,overcast clouds,2021-11-01 01:39:03
581,Prince Rupert,CA,54.3161,-130.3201,55.09,45,8,14.97,clear sky,2021-11-01 01:42:58
582,Gonzales,US,30.2385,-90.9201,64.38,87,1,0.0,clear sky,2021-11-01 01:42:59
583,Kapurthala,IN,31.3794,75.3847,57.15,54,0,7.07,clear sky,2021-11-01 01:42:59
584,Slave Lake,CA,55.2834,-114.769,30.18,74,1,2.3,clear sky,2021-11-01 01:43:00
585,Buchanan,LR,5.8808,-10.0467,77.2,86,100,5.84,overcast clouds,2021-11-01 01:43:00
586,Vostok,RU,46.4856,135.8833,41.81,51,6,1.95,clear sky,2021-11-01 01:43:00
587,Zhuhai,CN,22.2769,113.5678,79.79,83,40,10.36,mist,2021-11-01 01:43:00
588,Caucaia,BR,-3.7361,-38.6531,81.03,76,75,12.66,broken clouds,2021-11-01 01:43:01
589,Hami,CN,42.8,93.45,50.95,44,100,1.99,overcast clouds,2021-11-01 01:39:27
590,Warmbad,NA,-28.45,18.7333,54.75,74,6,19.26,clear sky,2021-11-01 01:43:01
591,Maningrida,AU,-12.0667,134.2667,93.97,44,62,9.33,broken clouds,2021-11-01 01:43:02
592,Chapais,CA,49.7834,-74.8492,40.78,99,100,3.47,overcast clouds,2021-11-01 01:43:02
593,Nara,JP,34.6851,135.8049,66.7,57,100,2.66,overcast clouds,2021-11-01 01:40:13
594,Adrar,MR,20.5022,-10.0711,82.11,23,62,7.74,broken clouds,2021-11-01 01:43:03
595,Kalianget,ID,-7.05,113.9333,85.08,66,100,7.23,overcast clouds,2021-11-01 01:43:03
596,Uren,RU,57.4552,45.7852,36.86,96,80,6.87,broken clouds,2021-11-01 01:43:03
597,Amga,RU,60.8953,131.9608,23.59,90,100,3.96,overcast clouds,2021-11-01 01:43:04
598,Madanapalle,IN,13.55,78.5,70.95,91,99,3.42,overcast clouds,2021-11-01 01:43:04
599,Saint-Marc-Des-Carrieres,CA,46.6834,-72.0491,47.73,100,100,3.44,overcast clouds,2021-11-01 01:43:04
600,Port Hardy,CA,50.6996,-127.4199,51.8,57,1,10.36,clear sky,2021-11-01 01:38:43
601,Russell,US,32.3502,-85.1999,56.43,90,1,0.0,clear sky,2021-11-01 01:44:28
602,Dhidhdhoo,MV,6.8833,73.1,81.43,78,100,13.29,moderate rain,2021-11-01 01:44:28
603,Hatillo,PR,18.4863,-66.8254,79.93,93,6,6.11,clear sky,2021-11-01 01:44:28
604,Iaciara,BR,-14.0958,-46.6317,72.5,76,94,3.22,overcast clouds,2021-11-01 01:44:29
605,Mezen,RU,65.8522,44.24,17.2,95,38,7.07,scattered clouds,2021-11-01 01:44:29
606,Belmonte,BR,-15.8631,-38.8828,77.5,86,27,7.94,scattered clouds,2021-11-01 01:44:29
607,Lata,PT,40.1629,-8.3327,62.92,97,100,3.58,overcast clouds,2021-11-01 01:44:30
608,Muyezerskiy,RU,63.9333,31.65,39.97,99,100,4.65,moderate rain,2021-11-01 01:44:30
609,Acari,PE,-15.4311,-74.6158,69.26,67,53,3.09,broken clouds,2021-11-01 01:44:30
610,Bandipur,NP,27.9333,84.4167,57.76,79,33,1.45,scattered clouds,2021-11-01 01:44:31
611,Omboue,GA,-1.5746,9.2618,75.4,93,100,7.58,moderate rain,2021-11-01 01:44:31
612,San Julian,MX,21.0167,-102.1667,57.67,72,100,6.69,overcast clouds,2021-11-01 01:44:31
613,Soyo,AO,-6.1349,12.3689,76.96,86,100,9.84,overcast clouds,2021-11-01 01:44:32
614,Waddan,LY,29.1614,16.139,68.72,33,8,4.43,clear sky,2021-11-01 01:44:32
615,Pontalina,BR,-17.525,-49.4472,70.16,87,100,3.15,overcast clouds,2021-11-01 01:44:32
616,Rio Cuarto,AR,-33.1307,-64.3499,43.83,91,100,7.83,overcast clouds,2021-11-01 01:40:17
617,Nome,US,64.5011,-165.4064,24.87,68,1,6.91,clear sky,2021-11-01 01:41:05
618,Wanaka,NZ,-44.7,169.15,68.11,32,39,5.99,light rain,2021-11-01 01:44:33
619,Makakilo City,US,21.3469,-158.0858,82.15,62,20,9.22,few clouds,2021-11-01 01:40:10
620,Mogadishu,SO,2.0371,45.3438,78.51,80,1,13.35,clear sky,2021-11-01 01:44:33
621,Mangrol,IN,21.1167,70.1167,74.28,41,7,7.92,clear sky,2021-11-01 01:44:34
622,Seoul,KR,37.5683,126.9778,57.96,82,20,2.3,mist,2021-11-01 01:41:51
623,Orlik,RU,52.5178,99.825,27.55,86,100,2.71,light snow,2021-11-01 01:43:42
624,Varzea Da Palma,BR,-17.5981,-44.7308,69.67,91,100,2.57,light rain,2021-11-01 01:44:34
625,Haines Junction,CA,60.7522,-137.5108,37.35,48,99,4.61,overcast clouds,2021-11-01 01:44:34
626,Indramayu,ID,-6.3264,108.32,85.55,63,61,3.91,broken clouds,2021-11-01 01:44:35
627,Asyut,EG,27.181,31.1837,71.78,34,3,7.34,clear sky,2021-11-01 01:44:35
628,Tamiahua,MX,21.2667,-97.45,78.4,69,100,9.37,overcast clouds,2021-11-01 01:44:35
629,Jalu,LY,29.0331,21.5482,64.65,87,56,7.09,broken clouds,2021-11-01 01:44:36
630,Pecos,US,31.4229,-103.4932,69.3,30,1,5.75,clear sky,2021-11-01 01:44:36
631,Couva,TT,10.4225,-61.4675,79.2,64,95,1.99,overcast clouds,2021-11-01 01:44:36
632,Tra Vinh,VN,9.9347,106.3453,85.78,67,92,11.79,overcast clouds,2021-11-01 01:44:37
633,Chimore,BO,-16.9833,-65.1333,79.3,65,100,3.22,overcast clouds,2021-11-01 01:44:37
634,Kirakira,SB,-10.4544,161.9205,86.68,63,93,15.03,overcast clouds,2021-11-01 01:44:37
635,Paso De Patria,AR,-27.2454,-58.5454,80.65,59,65,7.72,broken clouds,2021-11-01 01:44:37
636,Alberton,CA,46.8168,-64.0654,57.33,92,100,21.88,overcast clouds,2021-11-01 01:44:38
637,Avera,US,33.194,-82.5271,58.71,78,0,6.91,clear sky,2021-11-01 01:44:38
638,Huambo,AO,-12.7761,15.7392,60.08,88,100,3.62,overcast clouds,2021-11-01 01:44:38
639,Poddorye,RU,57.4695,31.1156,41.09,88,36,7.27,scattered clouds,2021-11-01 01:44:39
640,Nirgua,VE,10.1553,-68.5663,66.04,99,96,1.57,overcast clouds,2021-11-01 01:44:39
641,Mende,FR,44.6667,3.5,45.77,99,100,3.67,moderate rain,2021-11-01 01:44:39
642,Niesky,DE,51.2924,14.8211,52.59,74,6,16.82,clear sky,2021-11-01 01:44:40
643,Xingyi,CN,24.1877,102.817,60.58,90,93,4.21,overcast clouds,2021-11-01 01:44:40
644,Novaky,SK,48.7111,18.5339,49.12,88,0,5.93,clear sky,2021-11-01 01:45:40
645,Warwick,US,41.7001,-71.4162,59.45,90,75,5.75,broken clouds,2021-11-01 01:45:41
646,Mbengwi,CM,6.0167,10.0,62.49,93,42,2.42,scattered clouds,2021-11-01 01:45:41
647,Cumberland,US,35.0502,-78.8664,57.87,83,1,4.61,clear sky,2021-11-01 01:42:24
648,Tarakan,ID,3.3,117.6333,85.5,70,40,5.75,scattered clouds,2021-11-01 01:45:41
649,Husavik,IS,66.0449,-17.3389,33.71,99,100,19.39,moderate rain,2021-11-01 01:43:36
650,Aykhal,RU,66.0,111.5,3.72,95,100,20.74,overcast clouds,2021-11-01 01:45:42
651,Mehamn,NO,71.0357,27.8492,31.77,85,100,13.35,overcast clouds,2021-11-01 01:45:42
652,Manchester,GB,53.4809,-2.2374,49.89,89,90,7.0,light rain,2021-11-01 01:43:21
653,Wilmington,US,34.2257,-77.9447,63.86,89,1,0.0,clear sky,2021-11-01 01:41:56
654,Hangzhou,CN,30.2937,120.1614,70.9,73,62,5.57,broken clouds,2021-11-01 01:45:43
655,Magistralnyy,RU,56.1725,107.4458,32.7,75,100,5.66,overcast clouds,2021-11-01 01:45:43
656,Agirish,RU,61.9247,63.0231,16.48,92,100,7.78,overcast clouds,2021-11-01 01:45:43
657,Marsa Matruh,EG,31.3525,27.2453,66.4,59,0,9.22,clear sky,2021-11-01 01:45:44
658,Mottola,IT,40.6353,17.0353,55.38,92,100,5.75,mist,2021-11-01 01:45:44
659,Jiwani,PK,25.05,61.7417,79.57,36,0,11.43,clear sky,2021-11-01 01:45:44
660,Itacare,BR,-14.2775,-38.9967,80.49,86,29,5.3,scattered clouds,2021-11-01 01:45:45
661,Borogontsy,RU,62.6683,131.1683,12.58,89,100,4.03,overcast clouds,2021-11-01 01:45:45
662,Port-Gentil,GA,-0.7193,8.7815,78.4,86,100,15.01,moderate rain,2021-11-01 01:45:45
663,Aken,DE,50.7766,6.0834,49.93,91,85,4.0,overcast clouds,2021-11-01 01:45:46
664,Zarubino,RU,42.63,131.0922,46.62,63,100,15.7,light rain,2021-11-01 01:45:46
665,Kropotkin,RU,45.4375,40.5756,46.42,92,96,7.92,overcast clouds,2021-11-01 01:45:46
666,Sorong,ID,-0.8833,131.25,83.93,71,43,5.08,scattered clouds,2021-11-01 01:45:46
667,Christchurch,NZ,-43.5333,172.6333,62.33,59,24,4.0,few clouds,2021-11-01 01:42:37
668,Rincon,US,32.296,-81.2354,61.86,89,1,8.05,clear sky,2021-11-01 01:45:47
669,Tiznit,MA,29.5833,-9.5,62.28,41,0,1.12,clear sky,2021-11-01 01:45:47
670,Muravlenko,RU,63.7898,74.523,0.57,96,12,9.55,few clouds,2021-11-01 01:45:48
671,Killam,CA,52.7834,-111.8518,33.39,59,0,4.61,clear sky,2021-11-01 01:45:48
672,Marquette,US,46.5333,-87.6335,36.34,80,19,11.16,few clouds,2021-11-01 01:45:48
673,Poso,ID,-1.3959,120.7524,87.08,61,21,3.29,few clouds,2021-11-01 01:45:48
674,Bull Savanna,JM,17.8868,-77.5902,76.26,85,12,7.18,few clouds,2021-11-01 01:45:49
675,Jumla,NP,29.2747,82.1838,47.84,52,0,1.97,clear sky,2021-11-01 01:45:49
676,Ambulu,ID,-8.345,113.6058,81.39,79,100,0.74,overcast clouds,2021-11-01 01:45:49
677,Emerald,AU,-23.5333,148.1667,78.94,57,40,13.8,scattered clouds,2021-11-01 01:45:50
678,Dzaoudzi,YT,-12.7887,45.2699,78.69,78,20,12.66,few clouds,2021-11-01 01:45:50
679,Cabedelo,BR,-6.9811,-34.8339,79.47,79,60,11.88,broken clouds,2021-11-01 01:45:50
680,Fukue,JP,32.6881,128.8419,70.16,60,75,9.22,broken clouds,2021-11-01 01:45:51
681,Elat,IL,29.5581,34.9482,73.24,56,64,0.0,broken clouds,2021-11-01 01:45:51
682,Shalinskoye,RU,55.7228,93.7594,30.92,85,100,18.41,overcast clouds,2021-11-01 01:45:51
683,Walvis Bay,NA,-22.9575,14.5053,60.1,93,0,5.75,clear sky,2021-11-01 01:45:52
684,Faanui,PF,-16.4833,-151.75,78.8,75,72,16.84,light rain,2021-11-01 01:45:52
685,Atherton,GB,53.5237,-2.4935,49.71,91,96,8.99,moderate rain,2021-11-01 01:45:52
686,Marzuq,YE,14.4,46.4667,65.37,58,5,3.6,clear sky,2021-11-01 01:45:52
687,Sprancenata,RO,44.0833,24.6333,46.58,71,100,6.96,overcast clouds,2021-11-01 01:45:53
688,Chardara,KZ,41.2547,67.9692,45.82,48,2,6.67,clear sky,2021-11-01 01:45:53
689,Laborie,LC,13.75,-60.9833,78.4,83,20,12.66,few clouds,2021-11-01 01:45:53
690,Talcahuano,CL,-36.7167,-73.1167,55.08,82,75,8.05,broken clouds,2021-11-01 01:43:23
691,Garowe,SO,8.4054,48.4845,71.55,73,73,8.14,broken clouds,2021-11-01 01:46:54
692,Sohag,EG,26.557,31.6948,70.09,40,0,9.46,clear sky,2021-11-01 01:46:54
693,Somerset East,ZA,-32.7217,25.588,70.21,28,100,7.18,overcast clouds,2021-11-01 01:46:55
694,Churapcha,RU,62.0025,132.4325,16.7,92,100,5.46,overcast clouds,2021-11-01 01:46:55
695,Tiquicheo,MX,18.8833,-100.7333,74.17,84,78,0.81,broken clouds,2021-11-01 01:46:55
696,Chancay,PE,-11.5714,-77.2672,66.33,86,90,5.57,overcast clouds,2021-11-01 01:46:56
697,Sampit,ID,-2.5333,112.95,74.07,98,100,2.28,overcast clouds,2021-11-01 01:46:56
698,Tocopilla,CL,-22.092,-70.1979,65.3,68,0,4.85,clear sky,2021-11-01 01:46:56
699,Boardman,US,41.0242,-80.6628,54.93,79,100,4.0,overcast clouds,2021-11-01 01:46:57
700,Terrace,CA,54.5163,-128.6035,42.71,56,20,21.85,few clouds,2021-11-01 01:42:48
701,Pouebo,NC,-20.4,164.5667,81.0,49,11,0.6,few clouds,2021-11-01 01:46:57
702,Grand Gaube,MU,-20.0064,57.6608,70.38,82,0,4.0,clear sky,2021-11-01 01:46:57
703,Wuzhou,CN,23.4833,111.3167,69.19,84,100,4.41,overcast clouds,2021-11-01 01:46:58
704,Sierra Vista,US,31.5545,-110.3037,67.35,26,1,8.05,clear sky,2021-11-01 01:46:58
705,Presidente Medici,BR,-11.1753,-61.9014,76.64,84,97,1.88,overcast clouds,2021-11-01 01:46:58
706,Hit,IQ,33.6416,42.8251,75.24,31,100,12.03,overcast clouds,2021-11-01 01:46:58
707,Birin,NP,26.8865,88.0718,56.19,71,1,1.3,clear sky,2021-11-01 01:46:59
708,Gander,CA,48.9682,-54.5906,41.16,80,20,15.01,few clouds,2021-11-01 01:46:59
709,Oyon,PE,-10.6681,-76.7731,44.24,94,99,2.95,overcast clouds,2021-11-01 01:47:00
710,Voznesenskoye,RU,54.89,42.7569,38.39,86,7,8.01,clear sky,2021-11-01 01:47:00
711,Sagone,FR,42.1155,8.6969,61.27,83,95,2.28,overcast clouds,2021-11-01 01:47:00
712,Takoradi,GH,4.8845,-1.7554,77.67,88,100,11.27,overcast clouds,2021-11-01 01:47:01
713,Masterton,NZ,-40.9597,175.6575,59.77,57,65,4.25,broken clouds,2021-11-01 01:47:02
714,Karpathos,GR,35.507,27.2132,62.56,88,100,16.11,light rain,2021-11-01 01:47:02
715,Kang,BW,-23.6752,22.7876,70.43,24,0,6.93,clear sky,2021-11-01 01:47:02
716,Qaqortoq,GL,60.7167,-46.0333,25.3,64,28,6.33,scattered clouds,2021-11-01 01:47:03
717,Kumluca,TR,36.3703,30.2869,64.99,85,78,4.38,broken clouds,2021-11-01 01:47:03
718,Kundgol,IN,15.25,75.25,72.55,86,46,8.68,scattered clouds,2021-11-01 01:47:03
